r_value,g_value,b_value,nir_reflectance,soil_brightness,ec_value,moisture_percent,pH_level,estimated_nitrogen,estimated_phosphorus,estimated_potassium
152,94,91,0.82,0.35,0.61,29.83,5.7,41.65,27.55,14.92
142,160,167,0.85,0.68,2.73,41.1,6.81,59.49,33.75,52.58
64,190,78,0.61,0.34,1.82,53.12,6.53,66.92,42.8,38.07
156,60,121,0.6,0.48,2.98,57.48,7.96,28.97,10.76,56.34
121,64,143,0.78,0.76,0.68,17.35,5.78,37.14,30.11,18.36
70,201,168,0.69,0.31,1.88,56.33,6.49,69.47,44.3,36.89
152,162,50,0.72,0.75,2.92,34.61,7.92,64.51,37.48,51.2
171,86,81,0.78,0.46,1.81,22.91,7.66,45.86,16.32,29.42
124,196,138,0.83,0.36,2.07,32.96,7.54,75.39,33.42,35.47
137,74,46,0.5,0.68,2.24,59,6.14,40.86,26.42,43.85
166,149,129,0.53,0.65,1.64,34.63,5.93,50.29,35.98,32.64
149,101,151,0.36,0.78,2.07,26.44,7.17,29.94,40.27,33.94
153,183,99,0.65,0.7,1.96,41.67,7.82,56.37,39.47,44.01
180,122,152,0.32,0.74,2.75,22.01,6.89,49.7,39.64,41.18
199,155,41,0.58,0.46,0.61,13.79,6.93,60.51,42.59,10.97
102,111,168,0.63,0.4,1.2,16.44,6.2,45.02,27.81,19.09
51,155,87,0.47,0.71,2.88,16.4,7.42,55.46,35.72,53.71
137,191,179,0.65,0.74,2.73,17.6,5.97,63.61,48.35,45.45
87,210,76,0.32,0.84,1.64,16.94,6.31,81.25,58.85,33.15
179,202,48,0.32,0.53,2.05,42.04,6.56,67.53,50.46,31.73
70,88,138,0.79,0.5,1.19,19.09,6.77,42.21,27.11,23
107,95,87,0.52,0.73,0.97,27.28,6.11,41.75,36.65,24.45
71,72,170,0.38,0.49,1.66,54.84,5.79,30.19,19.35,36.28
138,219,93,0.61,0.81,1.38,33.7,7.03,77.96,60.97,32.77
98,130,159,0.76,0.77,1.96,43.38,6.22,49.69,40.53,35.49
108,145,155,0.43,0.54,0.69,18.62,6.95,53.56,34.91,21.12
64,87,114,0.67,0.71,2.94,19.61,5.89,47.69,18.61,59.52
100,125,152,0.35,0.71,2.97,12.04,6.7,50.83,34.42,45.14
157,104,143,0.33,0.36,2.25,18.45,6.83,45.11,21.03,35.21
104,121,123,0.62,0.8,1.84,23.93,5.63,44.4,38.26,39.65
113,193,151,0.62,0.58,1.27,18.85,6.34,65.03,49.72,30.72
180,87,138,0.68,0.75,2.53,14.44,5.84,37.75,28.64,38.22
100,87,132,0.74,0.48,2.21,16.03,5.66,39.5,18.59,34.26
184,167,167,0.89,0.79,0.91,33.04,7.97,70.43,49.44,18.85
70,103,149,0.61,0.51,2.78,20.32,6.31,34.26,22.78,39.04
122,143,121,0.49,0.31,2.56,28.21,7.52,58.31,21.19,39.45
67,89,93,0.78,0.8,2.87,35.17,6.14,40.79,29.08,45.06
181,134,107,0.46,0.35,2.31,44.52,7.2,45.87,18.94,39.72
138,187,72,0.56,0.48,2.03,11.97,7.4,60.44,45.77,32.67
109,151,60,0.35,0.82,1.55,49.97,6.99,43.05,48.94,34.42
63,188,87,0.32,0.82,2.83,41.4,6.68,66.56,49.07,58.48
58,180,167,0.88,0.62,2.67,14.09,6.53,71.91,45.18,37.88
139,86,175,0.8,0.65,0.61,53.68,6.37,35.09,40.31,24.81
102,180,174,0.72,0.55,0.57,56.04,7.82,59.28,53.71,18.69
179,175,167,0.55,0.46,1.44,13.05,7.58,59.66,34.24,23.96
133,62,72,0.4,0.48,2.53,23.84,7.91,32.13,9.03,46.09
141,162,154,0.39,0.67,2.97,50.31,5.81,53.72,35.15,49
160,214,158,0.45,0.71,0.88,47.41,7.33,64.02,59.8,24.59
57,196,61,0.63,0.74,1.99,19.23,7.85,67.47,53.52,34.53
84,121,77,0.73,0.73,1.45,20.47,5.95,48.44,35.95,28.31
130,110,148,0.7,0.35,2.92,28.52,5.67,31.86,18.65,50.95
99,211,90,0.47,0.57,2.61,34.23,7.35,70.73,43.23,58.27
153,118,47,0.87,0.33,2.6,40.91,6.94,50.77,18.05,43.99
181,177,66,0.74,0.6,1.67,28.45,7.6,69.18,39.42,28.09
51,219,66,0.63,0.54,1.54,33.13,5.85,86.24,48.61,26.61
183,155,60,0.67,0.79,1.18,47.37,7.49,63.55,43.39,24.4
103,172,69,0.55,0.49,0.64,11.83,6,60.26,42,8.78
155,121,136,0.45,0.36,2.66,22.62,5.91,38.59,25.91,50.37
53,111,67,0.51,0.38,2.53,45.67,5.91,55.19,17.15,54.19
103,71,150,0.75,0.72,3,54.76,7.54,34.52,31.33,53.1
195,98,100,0.31,0.64,2.99,35.58,7.16,34.35,25.82,47.8
93,189,87,0.37,0.36,1.89,36.61,6.81,63.36,39.89,38.03
63,190,43,0.33,0.35,2.42,15.36,6.4,64.39,32.97,36.61
144,172,74,0.32,0.69,2.86,32.37,7.69,54.9,43.6,52.54
97,160,88,0.81,0.34,2.62,36.63,6.48,61.29,26.8,47.64
64,172,56,0.72,0.75,1.12,22.12,7.54,61.19,51.79,13.65
89,140,85,0.58,0.69,1.63,23.46,6.6,53.24,50.79,36.88
131,172,156,0.36,0.34,0.82,28.86,6.44,55.96,40.12,27.05
160,61,45,0.59,0.35,2.89,11,6.66,26.22,12.85,42.49
102,189,138,0.58,0.84,2.02,26.1,6.25,68.33,50.09,33.58
73,113,163,0.4,0.51,1.07,20.57,7.37,38.89,32.41,21.59
173,146,76,0.56,0.5,2.18,26.37,6.76,62,40.38,39.65
90,188,63,0.54,0.75,2.05,15.99,6.08,53.11,47.34,37.24
64,206,132,0.67,0.82,1.4,54.53,7.75,78.16,66.05,41.96
94,185,85,0.68,0.84,0.78,39.68,6.46,75.25,61.13,18.75
114,189,134,0.33,0.71,2.18,43.96,6.86,52.21,45.95,37.5
138,112,138,0.52,0.51,1.8,49.46,7.77,39.75,31.23,30
120,219,155,0.68,0.35,2.43,34.92,7.06,76.32,46.04,39.78
58,219,106,0.6,0.73,1.8,14.35,5.79,69.24,59.19,29.7
137,127,167,0.81,0.61,2.63,36.86,7.85,47.71,24.27,55.79
178,182,57,0.7,0.53,1.88,39.34,7.07,61.91,39.99,33.48
185,204,64,0.4,0.8,1.9,47.27,6.34,77.64,54.31,39.07
112,97,93,0.34,0.36,2.69,31.58,5.85,39.28,16.45,46.58
188,83,97,0.69,0.57,1.51,16.38,7.49,43.08,28.63,31.87
130,128,106,0.32,0.31,0.84,24.19,7.05,47.31,31.41,30.07
185,175,143,0.65,0.56,0.57,28.15,6.83,59.19,43.61,11.53
82,157,63,0.86,0.33,2.39,42.3,7.73,59.22,30.87,41.86
172,198,153,0.65,0.37,2.05,38.54,7.47,72.91,42.89,43.68
54,203,71,0.53,0.36,2.26,27.8,5.88,64.15,42.34,42.87
90,156,125,0.69,0.66,1.03,59.33,6.28,63.72,50.17,36.55
77,183,166,0.57,0.71,0.84,40.29,6.12,64.34,57.04,23.58
184,129,169,0.63,0.62,0.54,21.86,7.36,47.71,43.54,10.68
121,152,56,0.86,0.83,1.38,15.09,5.58,64.51,48.12,26.67
61,62,143,0.53,0.51,1.97,17.64,6.92,30.58,11.21,38.62
82,207,176,0.88,0.46,1.48,22.3,7.41,76.08,49.52,30.76
97,206,82,0.84,0.78,1.59,18.03,7.69,82.02,57.48,29.99
111,149,78,0.42,0.42,2.76,19.33,6.36,47.41,29.69,50.6
86,206,65,0.34,0.83,1.37,24.25,7.55,69.58,54.14,31.25
148,207,138,0.36,0.31,1.78,18.67,5.78,70.83,37.48,37.34
153,155,89,0.31,0.83,2.46,54.84,7.62,48.91,47.81,51.11
